@elenayakovleva_fan is,568800,https://www.instagram.com/elenayakovleva_fan/
Виктория Исакова,338400,https://www.instagram.com/v_isakova/
Елизавета Боярская,1000000,https://www.instagram.com/lizavetabo/
Светлана Ходченкова,823300,https://www.instagram.com/svetlana_khodchenkova/
Юлия Пересильд,608500,https://www.instagram.com/juliaperesild/
Polina Gagarina,8600000,https://www.instagram.com/gagara1987/
Ксения Раппопорт:,Нет данных!,https://begeton.com/blog/4514-kseniya-rappoport-biografiya-doch-aglaya-tarasova-instagram-lichnaya-zhizn-kolokolnikov/
Чулпан Хаматова,464800,https://www.instagram.com/chulpanofficial/
Мария Аронова,244500,https://www.instagram.com/aronova_masha/
Elena Lyadova,145300,https://www.instagram.com/lyadovalena/
Anya Chipovskaya,429300,https://www.instagram.com/chi_pa/
Instagram,Нет данных!,https://www.instagram.com/d_moroz/
Мария Луговая,35300,https://www.instagram.com/mariaheartbeat/
Юлия Снигирь,246800,https://www.instagram.com/yuliasnigir/
@vtolstoganova is,178800,https://www.instagram.com/vtolstoganova/
Юля Хлынина,153700,https://www.instagram.com/yulia_hlynina/
Яна Троянова,463500,https://www.instagram.com/troyanovayana/
Яна Гладких,Нет данных!,https://24smi.org/celebrity/6759-iana-gladkikh.html
#ольгадроздова hashtag,Нет данных!,https://www.instagram.com/explore/tags/%D0%BE%D0%BB%D1%8C%D0%B3%D0%B0%D0%B4%D1%80%D0%BE%D0%B7%D0%B4%D0%BE%D0%B2%D0%B0/
Maryana Ro,7700000,https://www.instagram.com/maryanaro/
Карина Разумовская,377900,https://www.instagram.com/karina_razum/
Людмила Гурченко,932,https://www.instagram.com/gurchenko_diva/
Ekaterina Vilkova,417600,https://www.instagram.com/oldkavilochka/
Renata (@renatalitvinovaofficiall),Нет данных!,https://www.instagram.com/renatalitvinovaofficiall/
Ravshana Kurkova,2700000,https://www.instagram.com/rav_shana/
Наталья рогожкина,Нет данных!,https://professionalnaya-kosmetika.ru/info/natalja-rogozhkina-instagram/
Анна Старшенбаум,177400,https://www.instagram.com/starshenbaum_anna/
Ольга Ломоносова,95300,https://www.instagram.com/olgalomonosovaa/
Instagram,Нет данных!,https://www.instagram.com/leka.spb.ballet/
Aglaya Tarasova,383800,https://www.instagram.com/aglayatarasova/
Ирина Горбачева,1700000,https://www.instagram.com/irina_gorbacheva/
Natasha Shvets,60700,https://www.instagram.com/natashashv/
Елена Подкаминская's,1300000,https://www.instagram.com/podkaminskaya_official/
Evgenia Brik/Евгения,78200,https://www.instagram.com/evgeniabrik/
Aнна Попова,42100,https://www.instagram.com/anna_popova_official/
Instagram,Нет данных!,https://www.instagram.com/irinasaltykova_official/
Любовь Аксёнова,1200000,https://www.instagram.com/im_lyubovaksenova/
Наталья Негода,Нет данных!,https://24smi.org/celebrity/2484-natalya-negoda.html
Anna Mikhalkova,402700,https://www.instagram.com/anikiti4na/
Полина Чернышова,Нет данных!,https://www.instagram.com/polinkachernyshova/
