Уколова Анна,44,1120,https://ruskino.ru/art/499
Чурикова Инна,78,1044,https://ruskino.ru/art/54
Ковальчук Анна,44,1036,https://ruskino.ru/art/266
Медынич Ольга,40,1016,https://ruskino.ru/art/2690
Панова Елена,44,1014,https://ruskino.ru/art/242
Друбич Татьяна,62,1004,https://ruskino.ru/art/187
Ильяшенко Лукерья,32,1004,https://ruskino.ru/art/21993
Кузнецова Агния,36,1002,https://ruskino.ru/art/5615
Куликова Валерия,28,999,https://ruskino.ru/art/30570
Поезжаева Мария,33,999,https://ruskino.ru/art/17867
Жовнер Дарья,29,998,https://ruskino.ru/art/48988
Жаркова Арина,25,997,https://ruskino.ru/art/49019
Васильева Марина,28,992,https://ruskino.ru/art/23462
Романычева Наталья,990,none,https://ruskino.ru/art/9231
Константинова Алена,989,none,https://ruskino.ru/art/10237
Вележева Лидия,55,958,https://ruskino.ru/art/42
Климова Екатерина,44,903,https://ruskino.ru/art/179
Куликова Мария,44,892,https://ruskino.ru/art/290
Бабенко Алена,50,889,https://ruskino.ru/art/483
Терехова Маргарита,79,887,https://ruskino.ru/art/30
Яковлева Елена,61,1731,https://ruskino.ru/art/18
Исакова Виктория,45,1702,https://ruskino.ru/art/347
Боярская Елизавета,36,1700,https://ruskino.ru/art/3800
Ходченкова Светлана,39,1699,https://ruskino.ru/art/479
Пересильд Юлия,37,1698,https://ruskino.ru/art/3989
Агуреева Полина,45,1692,https://ruskino.ru/art/67
Раппопорт Ксения,48,1692,https://ruskino.ru/art/298
Хаматова Чулпан,46,1689,https://ruskino.ru/art/45
Аронова Мария,50,1687,https://ruskino.ru/art/151
Лядова Елена,41,1687,https://ruskino.ru/art/3905
Чиповская Аня,34,1680,https://ruskino.ru/art/522
Мороз Дарья,38,1678,https://ruskino.ru/art/243
Луговая Мария,34,1670,https://ruskino.ru/art/7224
Снигирь Юлия,38,1669,https://ruskino.ru/art/5758
Толстоганова Виктория,50,1579,https://ruskino.ru/art/24
Хлынина Юлия,30,1571,https://ruskino.ru/art/15638
Троянова Яна,49,1569,https://ruskino.ru/art/8283
Гладких Яна,31,1564,https://ruskino.ru/art/16497
Дроздова Ольга,57,1493,https://ruskino.ru/art/5
Голуб Марина,54,1492,https://ruskino.ru/art/228
Александрова Марина,39,885,https://ruskino.ru/art/9
Каменкова Анна,69,885,https://ruskino.ru/art/281
Добровольская Евгения,57,881,https://ruskino.ru/art/154
Крючкова Светлана,71,879,https://ruskino.ru/art/254
Машкова Мария,37,874,https://ruskino.ru/art/1291
Неелова Марина,75,871,https://ruskino.ru/art/714
Редникова Екатерина,49,871,https://ruskino.ru/art/1
Самойлова Татьяна,80,865,https://ruskino.ru/art/667
Фандера Оксана,54,864,https://ruskino.ru/art/252
Высоцкая Юлия,48,854,https://ruskino.ru/art/471
Домская Ася,28,822,https://ruskino.ru/art/17446
Насибуллина Алина,32,822,https://ruskino.ru/art/46232
Дапкунайте Ингеборга,59,773,https://ruskino.ru/art/390
Вдовина Наталия,53,763,https://ruskino.ru/art/2041
Мингазетдинова Дарья,31,759,https://ruskino.ru/art/15238
Лерман Ольга,34,757,https://ruskino.ru/art/10191
Самохина Анна,47,757,https://ruskino.ru/art/350
Хайруллина Роза,60,757,https://ruskino.ru/art/4455
Никифорова Александра,29,698,https://ruskino.ru/art/22317
Михайлова Алена,26,626,https://ruskino.ru/art/48347
Разумовская Карина,39,1348,https://ruskino.ru/art/4134
Гурченко Людмила,75,1344,https://ruskino.ru/art/605
Вилкова Екатерина,37,1335,https://ruskino.ru/art/4737
Литвинова Рената,55,1334,https://ruskino.ru/art/20
Куркова Равшана,41,1333,https://ruskino.ru/art/5312
Рогожкина Наталья,47,1328,https://ruskino.ru/art/1887
Старшенбаум Анна,33,1328,https://ruskino.ru/art/6356
Ломоносова Ольга,44,1324,https://ruskino.ru/art/4342
Смирнова Ольга,38,1323,https://ruskino.ru/art/10099
Тарасова Аглая,28,1322,https://ruskino.ru/art/14447
Горбачева Ирина,34,1318,https://ruskino.ru/art/8955
Швец Наталья,43,1314,https://ruskino.ru/art/1154
Подкаминская Елена,43,1197,https://ruskino.ru/art/490
Брик Евгения,40,1173,https://ruskino.ru/art/2724
Попова Анна,35,1161,https://ruskino.ru/art/6467
Розанова Ирина,60,1157,https://ruskino.ru/art/208
Аксенова Любовь,32,1154,https://ruskino.ru/art/6247
Негода Наталья,58,1148,https://ruskino.ru/art/1571
Михалкова Анна,48,1145,https://ruskino.ru/art/1189
Чернышова Полина,28,1135,https://ruskino.ru/art/32082
Шпица Катерина,36,567,https://ruskino.ru/art/5493
Дмитриева Евгения,49,564,https://ruskino.ru/art/3244
Полищук Любовь,57,562,https://ruskino.ru/art/768
Шукшина Мария,54,561,https://ruskino.ru/art/82
Сафонова Елена,65,559,https://ruskino.ru/art/423
Воронкова Вера,57,556,https://ruskino.ru/art/95
Дворжецкая Нина,61,550,https://ruskino.ru/art/1489
Низовская Серафима,41,550,https://ruskino.ru/art/6227
Красько Ольга,41,409,https://ruskino.ru/art/1991
Гусева Екатерина,45,404,https://ruskino.ru/art/16
Миронова Мария,48,404,https://ruskino.ru/art/44
Купченко Ирина,74,400,https://ruskino.ru/art/753
Крюкова Евгения,50,396,https://ruskino.ru/art/49
Волкова Екатерина,48,394,https://ruskino.ru/art/534
Судзиловская Олеся,47,392,https://ruskino.ru/art/31
Маркина Надежда,63,388,https://ruskino.ru/art/2559
Порошина Мария,48,388,https://ruskino.ru/art/146
Андреева Мария,35,387,https://ruskino.ru/art/6612
Сутулова Ольга,42,387,https://ruskino.ru/art/287
Андреева Паулина,379,none,https://ruskino.ru/art/16243
Мельникова Дарья,30,195,https://ruskino.ru/art/5666
Талызина Анастасия,22,194,https://ruskino.ru/art/47479
Шкирандо Валерия,33,194,https://ruskino.ru/art/12742
Янковская Елизавета,28,194,https://ruskino.ru/art/47621
Агишева Дана,41,193,https://ruskino.ru/art/2350
Зуева Ольга,34,193,https://ruskino.ru/art/39732
Олькина Екатерина,36,193,https://ruskino.ru/art/8067
Сергеева Алина,39,193,https://ruskino.ru/art/5494
Курдюбова Наталия,46,190,https://ruskino.ru/art/2509
Шумакова Екатерина,31,190,https://ruskino.ru/art/44218
Ревенко Александра,188,none,https://ruskino.ru/art/13006
Романенко Виктория,33,187,https://ruskino.ru/art/6868
Жарычева Надежда,33,186,https://ruskino.ru/art/20220
Попова Анастасия,186,none,https://ruskino.ru/art/19566
Спивак Марьяна,37,186,https://ruskino.ru/art/5846
Фомина Мария,29,186,https://ruskino.ru/art/5750
Доможирова Марина,32,185,https://ruskino.ru/art/18805
Чистякова Анастасия,27,184,https://ruskino.ru/art/37727
Щербакова Ксения,32,184,https://ruskino.ru/art/15932
Александрова Юлия,40,183,https://ruskino.ru/art/7100
Апексимова Ирина,56,377,https://ruskino.ru/art/271
Вилкова Таисия,25,375,https://ruskino.ru/art/6567
Маслова Виктория,36,367,https://ruskino.ru/art/9877
Казинская Кристина,32,214,https://ruskino.ru/art/7952
Толкалина Любовь,44,211,https://ruskino.ru/art/135
Акиньшина Оксана,35,207,https://ruskino.ru/art/314
Демидова Алла,85,207,https://ruskino.ru/art/770
Пожарская Диана,30,205,https://ruskino.ru/art/39898
Старшенбаум Ирина,30,203,https://ruskino.ru/art/41949
Шпак Вера,33,203,https://ruskino.ru/art/29229
Устинова Светлана,40,200,https://ruskino.ru/art/2456
Колпакова Светлана,37,199,https://ruskino.ru/art/5661
Бабушкина Кристина,44,198,https://ruskino.ru/art/4011
Евстигнеева Софья,26,198,https://ruskino.ru/art/40371
Екамасова Дарья,37,198,https://ruskino.ru/art/3913
Майорова Елена,39,198,https://ruskino.ru/art/1193
Муцениеце Агата,33,198,https://ruskino.ru/art/9718
Суркова Наталья,55,198,https://ruskino.ru/art/1539
Давыдовская Виолетта,39,196,https://ruskino.ru/art/6343
Бабенкова Татьяна,30,195,https://ruskino.ru/art/46082
Лапиньш Линда,183,none,https://ruskino.ru/art/31485
Тюнина Анастасия,183,none,https://ruskino.ru/art/38726
Савельева Дарья,34,182,https://ruskino.ru/art/13796
Ауг Полина,26,179,https://ruskino.ru/art/27179
Галкина Юлия,37,145,https://ruskino.ru/art/6045
Лаврова-Глинка Ксения,44,144,https://ruskino.ru/art/1782
Якунина Анна,53,137,https://ruskino.ru/art/126
Орлова Татьяна,65,136,https://ruskino.ru/art/6249
Спивак Эмилия,40,136,https://ruskino.ru/art/1279
Каштанова Софья,34,134,https://ruskino.ru/art/5018
Тюнина Галина,54,127,https://ruskino.ru/art/213
Шубина Маргарита,56,125,https://ruskino.ru/art/235
Дыховичная Ольга,41,121,https://ruskino.ru/art/9794
Фрейндлих Алиса,87,100,https://ruskino.ru/art/181
Ксенофонтова Елена,49,91,https://ruskino.ru/art/282
Полякова Елена,42,88,https://ruskino.ru/art/2976
Антонова Светлана,42,65,https://ruskino.ru/art/2009
Уварова Нелли,42,60,https://ruskino.ru/art/182
Усатова Нина,70,57,https://ruskino.ru/art/89
Сидорова Ирина,52,none,https://ruskino.ru/art/5719
Тарханова Глафира,38,46,https://ruskino.ru/art/4421
Болгова Эльвира,46,43,https://ruskino.ru/art/1780
Бортич Александра,27,43,https://ruskino.ru/art/23461
Васильева Екатерина,76,42,https://ruskino.ru/art/884
Быстрицкая Элина,91,41,https://ruskino.ru/art/684
Андоленко Карина,34,40,https://ruskino.ru/art/8714
Васильева Вера,96,40,https://ruskino.ru/art/841
Васильева Татьяна,75,40,https://ruskino.ru/art/27
Панина Анастасия,39,40,https://ruskino.ru/art/5329
Фаттахова Олеся,33,39,https://ruskino.ru/art/10140
Банщикова Анна,47,38,https://ruskino.ru/art/276
Заворотнюк Анастасия,51,38,https://ruskino.ru/art/1424
Туркова Евгения,38,none,https://ruskino.ru/art/10113
Чурсина Людмила,80,37,https://ruskino.ru/art/732
Аниканова Мария,48,36,https://ruskino.ru/art/2791
Гундарева Наталья,56,36,https://ruskino.ru/art/199
Остроумова Ольга,74,36,https://ruskino.ru/art/340
Пегова Ирина,43,36,https://ruskino.ru/art/71
Польских Галина,82,35,https://ruskino.ru/art/806
Удовиченко Лариса,67,35,https://ruskino.ru/art/56
Урсуляк Александра,39,35,https://ruskino.ru/art/517
Юргенс Дарья,54,35,https://ruskino.ru/art/4159
Бурдужа Валерия,29,34,https://ruskino.ru/art/17279
Глаголева Вера,61,34,https://ruskino.ru/art/201
Звягинцева Галина,35,33,https://ruskino.ru/art/8789
Ардова Софья,25,32,https://ruskino.ru/art/8682
Берсенева Мария,40,32,https://ruskino.ru/art/5847
Ивченко Алена,48,32,https://ruskino.ru/art/567
Русланова Нина,76,32,https://ruskino.ru/art/155
Рязанова Раиса,77,32,https://ruskino.ru/art/1068
Ахмедова Сабина,40,31,https://ruskino.ru/art/6364
Дитковските Агния,34,31,https://ruskino.ru/art/5657
Коняшкина Марина,36,31,https://ruskino.ru/art/6319
Корикова Елена,50,31,https://ruskino.ru/art/19
Ланская Валерия,35,31,https://ruskino.ru/art/5631
Метлицкая Ирина,35,31,https://ruskino.ru/art/792
Михайловская Анна,33,31,https://ruskino.ru/art/6688
Оболдина (Стрелкова) Инга,53,31,https://ruskino.ru/art/86
Снаткина Анна,38,31,https://ruskino.ru/art/2371
Тумайкина Ольга,50,31,https://ruskino.ru/art/2805
